Table 7,,,,,,,,,,,,,,,,,,,,,,,,,,,,,
"Doctorate-granting institutions, by state or location and major science and engineering fields of study: 2017",,,,,,,,,,,,,,,,,,,,,,,,,,,,,
(Number),,,,,,,,,,,,,,,,,,,,,,,,,,,,,
State or location and institution,All fields,Science,,,,,,,,,,,,,,,,,,Engineering,,,,,,,,,
,,Life sciences,,,,Physical sciences and earth sciences,,,,Mathematics and computer sciences,,,Psychology and social sciences ,,,,,,,,,,,,,,,,
,,Total,Agricultural sciences and natural resources,Biological and biomedical sciences,Health sciences,Total,Chemistry,"Geosciences, atmospheric sciences, and ocean sciences",Physics and astronomy,Total,Computer and information sciences,Mathematics and statistics ,Total,Psychology,Anthropology,Economics,Political science and government,Sociology,Other social sciences,Total,"Aerospace, aeronautical, and astronautical",Bioengineering and biomedical,Chemical,Civil,"Electrical, electronics, and communications",Industrial and manufacturing,Materials science,Mechanical,Other engineering
All institutions,"54,664","12,592","1,606","8,477","2,509","6,081","2,697","1,165","2,219","3,843","1,987","1,856","9,079","3,960",455,"1,237",752,689,"1,986","9,843",378,"1,041",936,741,"1,900",253,958,"1,409","2,227"
Alabama,707,188,32,122,34,59,23,7,29,48,20,28,89,67,1,10,8,1,2,131,5,4,14,17,22,6,13,18,32
Alabama A&M U.,5,4,4,0,0,1,0,0,1,0,0,0,0,0,0,0,0,0,0,0,0,0,0,0,0,0,0,0,0
Alabama State U.,6,2,1,1,0,0,0,0,0,0,0,0,0,0,0,0,0,0,0,0,0,0,0,0,0,0,0,0,0
"Auburn U., Auburn",284,63,24,29,10,16,6,0,10,18,6,12,39,30,0,7,2,0,0,65,2,3,11,7,12,6,2,9,13
Tuskegee U.,12,9,1,8,0,0,0,0,0,0,0,0,0,0,0,0,0,0,0,3,0,0,0,0,0,0,3,0,0
"U. Alabama, Birmingham",127,76,2,60,14,9,5,1,3,12,7,5,9,8,0,0,0,1,0,10,0,1,0,3,0,0,1,1,4
"U. Alabama, Huntsville",42,6,0,5,1,9,0,1,8,3,2,1,0,0,0,0,0,0,0,24,1,0,2,1,4,0,1,3,12
"U. Alabama, Tuscaloosa",199,19,0,10,9,22,12,3,7,15,5,10,31,19,1,3,6,0,2,29,2,0,1,6,6,0,6,5,3
U. South Alabama,32,9,0,9,0,2,0,2,0,0,0,0,10,10,0,0,0,0,0,0,0,0,0,0,0,0,0,0,0
Alaska,52,10,4,6,0,20,2,15,3,0,0,0,17,6,2,2,0,0,7,3,0,0,0,2,0,0,0,0,1
"U. Alaska, Anchorage",3,0,0,0,0,0,0,0,0,0,0,0,3,3,0,0,0,0,0,0,0,0,0,0,0,0,0,0,0
"U. Alaska, Fairbanks",49,10,4,6,0,20,2,15,3,0,0,0,14,3,2,2,0,0,7,3,0,0,0,2,0,0,0,0,1
Arizona,801,133,23,74,36,110,31,29,50,51,22,29,156,60,19,14,7,4,52,141,2,10,8,10,50,6,12,12,31
Arizona State U.,369,34,5,21,8,33,14,10,9,32,20,12,66,35,8,4,3,1,15,95,0,4,4,6,40,5,9,10,17
Northern Arizona U.,20,6,4,2,0,0,0,0,0,0,0,0,11,4,0,0,3,0,4,0,0,0,0,0,0,0,0,0,0
Prescott C.,11,2,1,0,1,0,0,0,0,0,0,0,1,0,0,0,0,0,1,0,0,0,0,0,0,0,0,0,0
U. Arizona,401,91,13,51,27,77,17,19,41,19,2,17,78,21,11,10,1,3,32,46,2,6,4,4,10,1,3,2,14
Arkansas,202,75,18,35,22,17,11,1,5,10,4,6,19,10,0,1,1,0,7,33,0,4,2,4,7,4,2,1,9
"Arkansas State U., Jonesboro",14,9,5,4,0,0,0,0,0,0,0,0,3,0,0,0,1,0,2,0,0,0,0,0,0,0,0,0,0
U. Arkansas for Medical Sciences,28,27,0,14,13,0,0,0,0,0,0,0,0,0,0,0,0,0,0,0,0,0,0,0,0,0,0,0,0
"U. Arkansas, Fayetteville",148,36,13,14,9,16,10,1,5,5,1,4,16,10,0,1,0,0,5,32,0,4,2,4,7,4,2,1,8
"U. Arkansas, Little Rock",12,3,0,3,0,1,1,0,0,5,3,2,0,0,0,0,0,0,0,1,0,0,0,0,0,0,0,0,1
California,"6,105","1,300",111,"1,015",174,841,367,178,296,495,267,228,"1,132",511,54,177,101,81,208,"1,151",38,166,97,57,269,10,164,153,197
"Alliant International U., Alhambra",83,0,0,0,0,0,0,0,0,0,0,0,80,78,0,0,0,0,2,0,0,0,0,0,0,0,0,0,0
Azusa Pacific U.,14,5,0,0,5,0,0,0,0,0,0,0,0,0,0,0,0,0,0,0,0,0,0,0,0,0,0,0,0
Biola U.,17,0,0,0,0,0,0,0,0,0,0,0,9,7,1,0,0,0,1,0,0,0,0,0,0,0,0,0,0
California Institute of Integral Studies,35,1,1,0,0,0,0,0,0,0,0,0,19,15,2,0,0,1,1,0,0,0,0,0,0,0,0,0,0
California Institute of Technology,180,23,3,20,0,85,27,16,42,21,6,15,4,0,0,4,0,0,0,47,9,2,10,1,10,0,8,4,3
Chapman U.,18,0,0,0,0,0,0,0,0,2,2,0,0,0,0,0,0,0,0,0,0,0,0,0,0,0,0,0,0
"City of Hope, Irell and Manella Graduate School of Biological Sciences",9,9,0,9,0,0,0,0,0,0,0,0,0,0,0,0,0,0,0,0,0,0,0,0,0,0,0,0,0
Claremont Graduate U.,168,6,0,3,3,1,0,0,1,18,13,5,42,14,0,13,11,0,4,2,0,1,0,0,1,0,0,0,0
Claremont School of Theology,12,0,0,0,0,0,0,0,0,0,0,0,0,0,0,0,0,0,0,0,0,0,0,0,0,0,0,0,0
Fielding Graduate U.,108,6,4,0,2,0,0,0,0,0,0,0,67,61,0,0,0,0,6,0,0,0,0,0,0,0,0,0,0
Frederick S. Pardee RAND Graduate School,15,0,0,0,0,0,0,0,0,0,0,0,15,0,0,0,0,0,15,0,0,0,0,0,0,0,0,0,0
Fuller Theological Seminary,50,0,0,0,0,0,0,0,0,0,0,0,23,21,1,0,0,0,1,0,0,0,0,0,0,0,0,0,0
Graduate Theological Union,33,0,0,0,0,0,0,0,0,0,0,0,1,0,0,0,0,1,0,0,0,0,0,0,0,0,0,0,0
Keck Graduate Institute,1,1,0,1,0,0,0,0,0,0,0,0,0,0,0,0,0,0,0,0,0,0,0,0,0,0,0,0,0
La Sierra U.,7,0,0,0,0,0,0,0,0,0,0,0,1,1,0,0,0,0,0,0,0,0,0,0,0,0,0,0,0
Loma Linda U.,41,16,0,8,8,1,0,1,0,0,0,0,23,22,0,0,0,0,1,0,0,0,0,0,0,0,0,0,0
Palo Alto U.,62,0,0,0,0,0,0,0,0,0,0,0,62,62,0,0,0,0,0,0,0,0,0,0,0,0,0,0,0
"San Diego State U., San Diego",3,1,0,1,0,0,0,0,0,2,0,2,0,0,0,0,0,0,0,0,0,0,0,0,0,0,0,0,0
"Sanford-Burnham Medical Research Institute, La Jolla",5,5,0,5,0,0,0,0,0,0,0,0,0,0,0,0,0,0,0,0,0,0,0,0,0,0,0,0,0
Santa Clara U.,7,0,0,0,0,0,0,0,0,0,0,0,0,0,0,0,0,0,0,7,0,0,0,0,3,0,0,0,4
Saybrook U.,29,5,0,0,5,0,0,0,0,0,0,0,18,18,0,0,0,0,0,0,0,0,0,0,0,0,0,0,0
Scripps Research Institute,19,8,0,8,0,11,11,0,0,0,0,0,0,0,0,0,0,0,0,0,0,0,0,0,0,0,0,0,0
Sofia U.,8,0,0,0,0,0,0,0,0,0,0,0,8,8,0,0,0,0,0,0,0,0,0,0,0,0,0,0,0
Stanford U.,758,114,11,101,2,139,42,33,64,84,34,50,60,5,7,25,8,8,7,202,10,13,14,22,57,1,25,32,28
"U. California, Berkeley",799,162,23,128,11,129,76,11,42,61,36,25,127,24,9,25,20,14,35,177,0,13,20,8,27,0,16,42,51
"U. California, Davis",505,203,45,145,13,58,25,18,15,43,17,26,74,22,4,17,9,5,17,88,4,17,7,8,17,0,10,10,15
"U. California, Irvine",403,85,2,78,5,68,41,8,19,42,24,18,83,22,9,12,10,11,19,80,4,19,3,5,17,0,10,9,13
"U. California, Los Angeles",726,179,2,136,41,73,33,15,25,67,30,37,109,29,7,13,15,11,34,130,5,29,12,5,35,0,18,20,6
"U. California, Merced",43,11,2,9,0,8,4,3,1,9,4,5,10,6,1,0,1,0,2,5,0,0,0,0,0,0,0,4,1
"U. California, Riverside",268,54,9,45,0,33,9,2,22,33,18,15,32,12,4,3,4,7,2,65,0,13,9,0,18,0,16,3,6
"U. California, San Diego",520,122,2,107,13,85,28,32,25,40,24,16,90,32,4,26,9,7,12,128,1,20,6,1,23,0,28,12,37
"U. California, San Francisco",143,94,0,75,19,10,10,0,0,0,0,0,9,0,1,0,0,8,0,26,0,26,0,0,0,0,0,0,0
"U. California, Santa Barbara",315,24,4,20,0,51,22,9,20,20,16,4,66,28,1,14,4,3,16,67,0,0,8,0,17,0,25,10,7
"U. California, Santa Cruz",166,33,3,30,0,36,12,14,10,21,17,4,33,11,3,9,3,4,3,18,0,0,0,0,6,0,2,0,10
U. of the Pacific,3,2,0,0,2,1,1,0,0,0,0,0,0,0,0,0,0,0,0,0,0,0,0,0,0,0,0,0,0
U. San Diego,36,21,0,0,21,0,0,0,0,0,0,0,2,0,0,0,0,0,2,0,0,0,0,0,0,0,0,0,0
U. San Francisco,35,0,0,0,0,0,0,0,0,0,0,0,2,0,0,0,0,0,2,0,0,0,0,0,0,0,0,0,0
U. Southern California,461,110,0,86,24,52,26,16,10,32,26,6,63,13,0,16,7,1,26,109,5,13,8,7,38,9,6,7,16
Colorado,"1,005",212,25,162,25,155,42,47,66,67,41,26,128,64,6,17,10,5,26,206,22,8,14,39,29,0,12,29,53
Colorado School of Mines,98,2,0,2,0,22,8,10,4,6,2,4,4,0,0,4,0,0,0,64,0,0,4,5,4,0,7,7,37
"Colorado State U., Fort Collins",223,73,18,51,4,45,19,18,8,15,8,7,24,17,0,4,0,2,1,37,0,5,5,10,6,0,0,6,5
"U. CO, Denver, Aurora, Anschutz Medical Campus",73,73,0,65,8,0,0,0,0,0,0,0,0,0,0,0,0,0,0,0,0,0,0,0,0,0,0,0,0
U. Colorado Boulder,392,48,6,37,5,82,13,19,50,32,21,11,54,11,6,9,10,3,15,89,22,1,5,23,15,0,2,13,8
U. Colorado Colorado Springs,30,0,0,0,0,1,0,0,1,4,4,0,2,2,0,0,0,0,0,7,0,0,0,0,2,0,3,0,2
U. Colorado Denver,27,2,1,0,1,0,0,0,0,5,4,1,4,2,0,0,0,0,2,5,0,2,0,1,1,0,0,1,0
U. Denver,94,6,0,6,0,5,2,0,3,5,2,3,23,16,0,0,0,0,7,4,0,0,0,0,1,0,0,2,1
U. Northern Colorado,68,8,0,1,7,0,0,0,0,0,0,0,17,16,0,0,0,0,1,0,0,0,0,0,0,0,0,0,0
Connecticut,748,196,14,155,27,104,56,15,33,60,27,33,129,43,13,18,19,11,25,97,0,18,12,3,17,0,10,18,19
U. Bridgeport,10,0,0,0,0,0,0,0,0,8,8,0,0,0,0,0,0,0,0,2,0,0,0,0,0,0,0,0,2
"U. Connecticut, Storrs",348,91,10,63,18,46,29,7,10,33,12,21,60,27,3,7,7,5,11,68,0,8,8,3,14,0,10,14,11
U. Hartford,1,0,0,0,0,0,0,0,0,0,0,0,0,0,0,0,0,0,0,0,0,0,0,0,0,0,0,0,0
Wesleyan U.,10,3,0,3,0,1,1,0,0,3,0,3,0,0,0,0,0,0,0,0,0,0,0,0,0,0,0,0,0
Yale U.,379,102,4,89,9,57,26,8,23,16,7,9,69,16,10,11,12,6,14,27,0,10,4,0,3,0,0,4,6
Delaware,238,59,9,40,10,24,2,11,11,19,9,10,45,12,0,12,2,2,17,69,0,0,27,13,7,0,11,8,3
Delaware State U.,7,2,0,1,1,3,0,0,3,2,0,2,0,0,0,0,0,0,0,0,0,0,0,0,0,0,0,0,0
U. Delaware,231,57,9,39,9,21,2,11,8,17,9,8,45,12,0,12,2,2,17,69,0,0,27,13,7,0,11,8,3
District of Columbia,623,55,0,50,5,37,19,6,12,24,11,13,207,63,14,29,44,4,53,78,0,3,0,4,5,0,1,10,55
American U.,69,1,0,1,0,0,0,0,0,0,0,0,53,10,13,9,5,0,16,0,0,0,0,0,0,0,0,0,0
Catholic U. of America,81,4,0,1,3,5,0,0,5,1,1,0,13,8,0,0,4,0,1,5,0,1,0,2,0,0,0,1,1
Gallaudet U.,13,0,0,0,0,0,0,0,0,0,0,0,6,4,0,0,0,0,2,0,0,0,0,0,0,0,0,0,0
George Washington U.,247,19,0,18,1,9,4,1,4,17,8,9,49,16,1,9,13,1,9,69,0,2,0,2,3,0,0,8,54
Georgetown U.,108,22,0,22,0,13,10,0,3,0,0,0,38,2,0,5,15,0,16,0,0,0,0,0,0,0,0,0,0
Howard U.,105,9,0,8,1,10,5,5,0,6,2,4,48,23,0,6,7,3,9,4,0,0,0,0,2,0,1,1,0
Florida,"2,336",490,77,285,128,259,94,64,101,145,77,68,409,184,17,22,28,32,126,419,21,26,29,45,78,23,48,51,98
Barry U.,27,0,0,0,0,0,0,0,0,0,0,0,1,1,0,0,0,0,0,0,0,0,0,0,0,0,0,0,0
"Embry-Riddle Aeronautical U., Daytona Beach",13,0,0,0,0,0,0,0,0,0,0,0,3,3,0,0,0,0,0,10,4,0,0,0,1,0,0,1,4
Florida A&M U.,19,15,2,1,12,1,1,0,0,0,0,0,0,0,0,0,0,0,0,2,0,0,0,0,0,1,0,0,1
Florida Atlantic U.,113,20,0,13,7,9,4,2,3,5,1,4,14,12,0,0,0,0,2,13,0,0,0,0,3,0,0,1,9
Florida Institute of Technology,57,4,0,4,0,8,2,4,2,12,7,5,6,6,0,0,0,0,0,19,6,0,0,1,4,0,0,2,6
Florida International U.,184,39,1,25,13,21,13,3,5,8,8,0,43,13,2,6,9,1,12,42,0,2,0,15,14,0,6,2,3
Florida State U.,363,36,3,29,4,57,15,14,28,33,12,21,68,38,0,2,3,12,13,29,1,2,6,1,7,5,4,2,1
Nova Southeastern U.,108,0,0,0,0,1,0,1,0,23,23,0,67,19,0,0,0,0,48,0,0,0,0,0,0,0,0,0,0
U. Central Florida,218,20,1,12,7,26,3,1,22,17,11,6,35,21,0,0,0,8,6,70,0,1,0,10,15,8,15,8,13
U. Florida,714,227,64,114,49,75,41,13,21,26,8,18,94,35,8,9,13,6,23,168,9,11,19,10,21,2,22,27,47
U. Miami,201,60,3,44,13,24,6,11,7,5,2,3,26,16,0,0,2,2,6,22,1,4,0,3,1,4,1,3,5
"U. South Florida, Tampa",317,69,3,43,23,37,9,15,13,16,5,11,52,20,7,5,1,3,16,44,0,6,4,5,12,3,0,5,9
U. West Florida,2,0,0,0,0,0,0,0,0,0,0,0,0,0,0,0,0,0,0,0,0,0,0,0,0,0,0,0,0
Georgia,"1,492",357,40,261,56,129,72,12,45,99,64,35,216,101,6,18,14,22,55,360,46,37,35,19,80,8,25,51,59
Clark Atlanta U.,19,8,2,6,0,4,4,0,0,0,0,0,5,0,0,0,4,0,1,0,0,0,0,0,0,0,0,0,0
Emory U.,229,103,0,91,12,23,15,0,8,11,5,6,32,16,4,1,2,5,4,1,0,1,0,0,0,0,0,0,0
Georgia Institute of Technology,503,19,2,16,1,48,20,8,20,41,32,9,25,9,0,4,0,0,12,345,46,36,34,19,79,8,20,51,52
Georgia Regents U.,16,16,0,14,2,0,0,0,0,0,0,0,0,0,0,0,0,0,0,0,0,0,0,0,0,0,0,0,0
Georgia State U.,228,40,1,32,7,18,8,0,10,24,17,7,60,23,0,8,3,13,13,0,0,0,0,0,0,0,0,0,0
Kennesaw State U.,8,0,0,0,0,0,0,0,0,0,0,0,8,0,0,0,1,0,7,0,0,0,0,0,0,0,0,0,0
Mercer U.,7,7,0,1,6,0,0,0,0,0,0,0,0,0,0,0,0,0,0,0,0,0,0,0,0,0,0,0,0
Morehouse School of Medicine,10,10,0,10,0,0,0,0,0,0,0,0,0,0,0,0,0,0,0,0,0,0,0,0,0,0,0,0,0
U. Georgia,472,154,35,91,28,36,25,4,7,23,10,13,86,53,2,5,4,4,18,14,0,0,1,0,1,0,5,0,7
Hawaii,189,44,6,26,12,29,2,21,6,4,1,3,61,13,6,9,7,4,22,11,0,0,0,2,7,0,0,2,0
"U. Hawaii, Manoa",189,44,6,26,12,29,2,21,6,4,1,3,61,13,6,9,7,4,22,11,0,0,0,2,7,0,0,2,0
Idaho,103,32,12,15,5,14,2,9,3,5,3,2,15,8,0,1,0,0,6,16,0,1,0,1,4,0,5,1,4
Boise State U.,16,2,0,2,0,3,0,3,0,0,0,0,2,0,0,0,0,0,2,9,0,0,0,0,4,0,4,0,1
Idaho State U.,34,5,0,1,4,2,0,0,2,0,0,0,7,7,0,0,0,0,0,4,0,1,0,0,0,0,0,0,3
U. Idaho,53,25,12,12,1,9,2,6,1,5,3,2,6,1,0,1,0,0,4,3,0,0,0,1,0,0,1,1,0
Illinois,"2,534",478,49,340,89,267,133,19,115,193,95,98,445,184,29,80,39,46,67,435,13,41,39,35,91,9,66,53,88
Benedictine U.,20,0,0,0,0,0,0,0,0,0,0,0,1,0,0,0,0,0,1,0,0,0,0,0,0,0,0,0,0
Chicago Theological Seminary,6,0,0,0,0,0,0,0,0,0,0,0,0,0,0,0,0,0,0,0,0,0,0,0,0,0,0,0,0
DePaul U.,9,0,0,0,0,0,0,0,0,2,2,0,4,4,0,0,0,0,0,0,0,0,0,0,0,0,0,0,0
Garrett-Evangelical Theological Seminary,9,0,0,0,0,0,0,0,0,0,0,0,1,1,0,0,0,0,0,0,0,0,0,0,0,0,0,0,0
Illinois Institute of Technology,86,3,0,3,0,10,4,0,6,11,8,3,12,11,0,0,0,0,1,36,4,2,5,4,11,0,3,2,5
Illinois State U.,34,6,0,2,4,0,0,0,0,0,0,0,2,1,0,0,0,0,1,0,0,0,0,0,0,0,0,0,0
"Institute for Clinical Social Work, Chicago",8,0,0,0,0,0,0,0,0,0,0,0,1,1,0,0,0,0,0,0,0,0,0,0,0,0,0,0,0
"Loyola U., Chicago",99,23,1,17,5,2,2,0,0,0,0,0,26,19,0,0,3,3,1,0,0,0,0,0,0,0,0,0,0
"Lutheran School of Theology, Chicago",6,0,0,0,0,0,0,0,0,0,0,0,0,0,0,0,0,0,0,0,0,0,0,0,0,0,0,0,0
National Louis U.,12,4,0,4,0,0,0,0,0,0,0,0,8,8,0,0,0,0,0,0,0,0,0,0,0,0,0,0,0
Northern Illinois U.,99,11,0,11,0,11,5,2,4,5,0,5,37,25,0,5,6,0,1,0,0,0,0,0,0,0,0,0,0
Northwestern U.,441,66,0,61,5,60,34,2,24,30,15,15,71,22,6,14,11,13,5,127,0,18,16,1,13,5,37,13,24
Roosevelt U.,1,0,0,0,0,0,0,0,0,0,0,0,1,1,0,0,0,0,0,0,0,0,0,0,0,0,0,0,0
Rosalind Franklin U. of Medicine and Science,16,3,0,3,0,0,0,0,0,0,0,0,13,13,0,0,0,0,0,0,0,0,0,0,0,0,0,0,0
Rush U.,12,12,0,5,7,0,0,0,0,0,0,0,0,0,0,0,0,0,0,0,0,0,0,0,0,0,0,0,0
"Southern Illinois U., Carbondale",174,30,11,17,2,11,4,1,6,9,4,5,27,11,3,7,2,1,3,19,0,0,0,0,6,1,0,2,10
"Toyota Technological Institute, Chicago",2,0,0,0,0,0,0,0,0,2,2,0,0,0,0,0,0,0,0,0,0,0,0,0,0,0,0,0,0
U. Chicago,387,83,0,79,4,51,21,5,25,27,7,20,91,11,14,29,11,14,12,5,0,0,2,0,0,0,2,0,1
"U. Illinois, Chicago",325,91,0,56,35,23,16,3,4,33,16,17,56,19,2,7,2,6,20,39,0,10,3,9,4,2,0,7,4
"U. Illinois, Urbana-Champaign",782,146,37,82,27,99,47,6,46,74,41,33,94,37,4,18,4,9,22,209,9,11,13,21,57,1,24,29,44
"Wheaton C., Wheaton",6,0,0,0,0,0,0,0,0,0,0,0,0,0,0,0,0,0,0,0,0,0,0,0,0,0,0,0,0
Indiana,"1,572",309,60,204,45,195,115,15,65,119,75,44,221,82,14,22,28,29,46,329,38,17,31,32,56,9,15,57,74
Ball State U.,36,4,1,1,2,0,0,0,0,0,0,0,16,13,0,0,0,0,3,0,0,0,0,0,0,0,0,0,0
Indiana State U.,70,3,1,2,0,0,0,0,0,3,3,0,5,5,0,0,0,0,0,1,0,0,0,1,0,0,0,0,0
"Indiana U., Bloomington",402,69,6,44,19,47,25,6,16,36,23,13,92,28,12,10,5,12,25,0,0,0,0,0,0,0,0,0,0
"Indiana U.-Purdue U., Indianapolis",87,67,1,56,10,1,0,1,0,5,5,0,5,0,0,2,0,0,3,0,0,0,0,0,0,0,0,0,0
"Purdue U., West Lafayette",739,145,51,80,14,97,60,8,29,55,33,22,64,21,2,8,9,10,14,275,29,14,18,26,43,9,15,54,67
U. Notre Dame,238,21,0,21,0,50,30,0,20,20,11,9,39,15,0,2,14,7,1,53,9,3,13,5,13,0,0,3,7
Iowa,715,150,31,90,29,79,45,10,24,72,19,53,82,44,2,14,4,5,13,152,10,14,8,14,27,7,6,30,36
Iowa State U.,350,74,28,41,5,39,22,3,14,38,13,25,33,17,0,9,0,4,3,100,10,1,6,11,18,5,5,18,26
Maharishi U. of Management,3,2,1,1,0,0,0,0,0,0,0,0,0,0,0,0,0,0,0,0,0,0,0,0,0,0,0,0,0
St. Ambrose U.,2,0,0,0,0,0,0,0,0,0,0,0,0,0,0,0,0,0,0,0,0,0,0,0,0,0,0,0,0
U. Iowa,347,72,2,48,22,40,23,7,10,34,6,28,49,27,2,5,4,1,10,52,0,13,2,3,9,2,1,12,10
U. Northern Iowa,13,2,0,0,2,0,0,0,0,0,0,0,0,0,0,0,0,0,0,0,0,0,0,0,0,0,0,0,0
Kansas,530,148,42,75,31,44,33,3,8,23,12,11,111,53,5,9,9,7,28,74,3,6,10,11,13,13,1,8,9
Kansas State U.,179,69,41,24,4,15,11,0,4,7,4,3,27,12,0,0,1,3,11,29,0,0,7,4,3,3,1,3,8
U. Kansas,310,77,1,50,26,26,19,3,4,7,3,4,74,31,5,9,8,4,17,28,2,6,3,7,6,0,0,3,1
Wichita State U.,41,2,0,1,1,3,3,0,0,9,5,4,10,10,0,0,0,0,0,17,1,0,0,0,4,10,0,2,0
Kentucky,497,138,15,82,41,22,13,1,8,35,12,23,75,34,3,5,1,8,24,48,0,2,10,9,9,3,6,3,6
Asbury Theological Seminary,10,0,0,0,0,0,0,0,0,0,0,0,4,0,0,0,0,0,4,0,0,0,0,0,0,0,0,0,0
Southern Baptist Theological Seminary,36,0,0,0,0,0,0,0,0,0,0,0,1,1,0,0,0,0,0,0,0,0,0,0,0,0,0,0,0
U. Kentucky,305,91,14,46,31,19,11,1,7,30,9,21,39,15,3,5,1,3,12,27,0,1,6,6,4,0,5,2,3
U. Louisville,146,47,1,36,10,3,2,0,1,5,3,2,31,18,0,0,0,5,8,21,0,1,4,3,5,3,1,1,3
Louisiana,607,157,27,98,32,68,41,12,15,48,21,27,90,43,6,7,5,6,23,74,0,5,7,6,5,0,4,7,40
Grambling State U.,9,0,0,0,0,0,0,0,0,0,0,0,0,0,0,0,0,0,0,0,0,0,0,0,0,0,0,0,0
"Louisiana State U., Baton Rouge",296,59,21,28,10,48,26,9,13,22,8,14,33,13,1,4,5,4,6,42,0,0,4,4,5,0,0,6,23
"Louisiana State U., Health Sciences Center, New Orleans",19,19,1,17,1,0,0,0,0,0,0,0,0,0,0,0,0,0,0,0,0,0,0,0,0,0,0,0,0
"Louisiana State U., Health Sciences Center, Shreveport",7,7,0,7,0,0,0,0,0,0,0,0,0,0,0,0,0,0,0,0,0,0,0,0,0,0,0,0,0
Louisiana Tech U.,44,3,0,3,0,1,1,0,0,7,5,2,13,13,0,0,0,0,0,15,0,4,0,1,0,0,4,1,5
New Orleans Baptist Theological Seminary,13,0,0,0,0,0,0,0,0,0,0,0,4,4,0,0,0,0,0,0,0,0,0,0,0,0,0,0,0
"Southern U. and A&M C., Baton Rouge",8,5,3,0,2,0,0,0,0,0,0,0,0,0,0,0,0,0,0,0,0,0,0,0,0,0,0,0,0
Tulane U.,107,40,2,31,7,9,6,1,2,8,0,8,21,4,5,2,0,2,8,3,0,1,2,0,0,0,0,0,0
"U. Louisiana, Lafayette",44,10,0,7,3,2,0,2,0,9,6,3,3,1,0,0,0,0,2,10,0,0,1,0,0,0,0,0,9
"U. Louisiana, Monroe",18,12,0,3,9,1,1,0,0,0,0,0,4,4,0,0,0,0,0,0,0,0,0,0,0,0,0,0,0
U. New Orleans,42,2,0,2,0,7,7,0,0,2,2,0,12,4,0,1,0,0,7,4,0,0,0,1,0,0,0,0,3
Maine,56,15,4,11,0,11,0,9,2,1,1,0,9,6,1,1,0,0,1,11,0,1,1,0,2,0,1,3,3
U. Maine,55,15,4,11,0,11,0,9,2,1,1,0,8,6,1,1,0,0,0,11,0,1,1,0,2,0,1,3,3
U. Southern Maine,1,0,0,0,0,0,0,0,0,0,0,0,1,0,0,0,0,0,1,0,0,0,0,0,0,0,0,0,0
Maryland,"1,295",439,32,279,128,141,40,34,67,118,78,40,205,74,9,27,22,10,63,225,7,49,13,19,47,0,20,35,35
Bowie State U.,3,0,0,0,0,0,0,0,0,3,3,0,0,0,0,0,0,0,0,0,0,0,0,0,0,0,0,0,0
Johns Hopkins U.,495,244,12,161,71,49,19,10,20,25,16,9,43,6,6,11,9,1,10,95,0,39,7,6,13,0,12,8,10
"Loyola U., Maryland",7,0,0,0,0,0,0,0,0,0,0,0,4,4,0,0,0,0,0,0,0,0,0,0,0,0,0,0,0
Morgan State U.,30,10,0,0,10,1,0,0,1,0,0,0,4,4,0,0,0,0,0,2,0,0,0,1,0,0,0,0,1
Notre Dame of Maryland U.,3,0,0,0,0,0,0,0,0,0,0,0,0,0,0,0,0,0,0,0,0,0,0,0,0,0,0,0,0
Towson U.,17,2,0,0,2,0,0,0,0,13,13,0,0,0,0,0,0,0,0,0,0,0,0,0,0,0,0,0,0
"U. Maryland, Baltimore",88,80,0,51,29,0,0,0,0,0,0,0,0,0,0,0,0,0,0,0,0,0,0,0,0,0,0,0,0
"U. Maryland, Baltimore County",88,8,0,8,0,9,4,2,3,35,21,14,19,13,0,0,0,0,6,16,0,0,1,0,4,0,0,4,7
"U. Maryland, College Park",528,82,17,52,13,81,17,21,43,42,25,17,120,32,3,16,13,9,47,112,7,10,5,12,30,0,8,23,17
"U. Maryland, Eastern Shore",13,5,3,1,1,1,0,1,0,0,0,0,0,0,0,0,0,0,0,0,0,0,0,0,0,0,0,0,0
Uniformed Services U. of the Health Sciences,23,8,0,6,2,0,0,0,0,0,0,0,15,15,0,0,0,0,0,0,0,0,0,0,0,0,0,0,0
Massachusetts,"2,879",706,57,510,139,372,126,78,168,177,98,79,474,124,15,112,58,31,134,597,20,74,53,16,85,7,54,102,186
Bentley U.,6,0,0,0,0,0,0,0,0,0,0,0,0,0,0,0,0,0,0,0,0,0,0,0,0,0,0,0,0
Boston C.,120,15,1,9,5,12,9,0,3,2,0,2,33,12,0,8,9,2,2,0,0,0,0,0,0,0,0,0,0
Boston U.,345,130,2,91,37,32,9,3,20,16,11,5,52,19,1,14,6,3,9,51,0,12,0,0,12,0,3,14,10
Brandeis U.,86,19,0,18,1,13,6,0,7,7,2,5,28,7,0,4,3,0,14,0,0,0,0,0,0,0,0,0,0
Clark U.,31,2,0,2,0,1,0,0,1,0,0,0,21,5,0,5,0,0,11,0,0,0,0,0,0,0,0,0,0
Harvard U.,683,211,2,170,39,107,32,15,60,29,11,18,120,19,9,31,21,13,27,23,0,6,0,0,2,0,3,1,11
Massachusetts C. of Pharmacy and Health Sciences,7,2,0,2,0,1,1,0,0,0,0,0,4,0,0,4,0,0,0,0,0,0,0,0,0,0,0,0,0
Massachusetts Institute of Technology,621,77,17,55,5,111,30,48,33,50,29,21,62,3,3,25,13,0,18,291,20,33,26,1,26,0,33,55,97
New England Conservatory,9,0,0,0,0,0,0,0,0,0,0,0,0,0,0,0,0,0,0,0,0,0,0,0,0,0,0,0,0
Northeastern U.,226,30,2,18,10,27,16,1,10,18,10,8,44,12,0,8,2,9,13,93,0,8,10,4,26,4,5,16,20
Simmons C.,13,0,0,0,0,0,0,0,0,0,0,0,0,0,0,0,0,0,0,0,0,0,0,0,0,0,0,0,0
Smith C.,9,0,0,0,0,0,0,0,0,0,0,0,0,0,0,0,0,0,0,0,0,0,0,0,0,0,0,0,0
Springfield C.,7,3,0,0,3,0,0,0,0,0,0,0,1,1,0,0,0,0,0,0,0,0,0,0,0,0,0,0,0
Suffolk U.,7,0,0,0,0,0,0,0,0,0,0,0,7,7,0,0,0,0,0,0,0,0,0,0,0,0,0,0,0
"Tufts U., Medford",138,58,3,53,2,16,6,2,8,11,4,7,26,13,0,1,0,1,11,17,0,3,4,2,0,0,1,3,4
"U. Massachusetts, Amherst",307,67,24,29,14,32,12,3,17,22,14,8,47,15,2,11,4,1,14,52,0,0,6,6,8,3,1,7,21
"U. Massachusetts, Boston",53,14,6,4,4,2,1,1,0,7,7,0,22,7,0,0,0,2,13,0,0,0,0,0,0,0,0,0,0
"U. Massachusetts, Dartmouth",33,7,0,2,5,5,0,5,0,0,0,0,2,0,0,0,0,0,2,8,0,2,0,0,1,0,0,1,4
"U. Massachusetts, Lowell",73,18,0,7,11,12,4,0,8,4,4,0,0,0,0,0,0,0,0,31,0,7,3,0,2,0,1,3,15
"U. Massachusetts, Medical School",55,52,0,49,3,0,0,0,0,0,0,0,0,0,0,0,0,0,0,1,0,1,0,0,0,0,0,0,0
Western New England U.,4,0,0,0,0,0,0,0,0,0,0,0,4,4,0,0,0,0,0,0,0,0,0,0,0,0,0,0,0
Worcester Polytechnic Institute,46,1,0,1,0,1,0,0,1,11,6,5,1,0,0,1,0,0,0,30,0,2,4,3,8,0,7,2,4
Michigan,"1,906",385,51,257,77,206,98,25,83,118,51,67,345,152,24,62,27,28,52,394,17,28,32,22,90,9,35,75,86
Andrews U.,24,0,0,0,0,0,0,0,0,0,0,0,5,5,0,0,0,0,0,0,0,0,0,0,0,0,0,0,0
Calvin Theological Seminary,2,0,0,0,0,0,0,0,0,0,0,0,0,0,0,0,0,0,0,0,0,0,0,0,0,0,0,0,0
Central Michigan U.,22,0,0,0,0,0,0,0,0,3,0,3,16,16,0,0,0,0,0,1,0,0,0,0,0,0,1,0,0
Eastern Michigan U.,53,0,0,0,0,0,0,0,0,1,1,0,13,12,0,0,0,0,1,5,0,0,0,0,0,0,0,0,5
Michigan State U.,515,128,35,73,20,57,33,5,19,31,16,15,101,26,11,20,6,10,28,60,0,3,7,3,23,0,1,16,7
Michigan Technological U.,88,13,4,8,1,10,1,6,3,6,3,3,1,1,0,0,0,0,0,52,0,4,3,5,7,0,10,12,11
Oakland U.,38,7,0,4,3,1,1,0,0,8,1,7,2,2,0,0,0,0,0,10,0,0,0,0,4,1,0,5,0
U. Detroit Mercy,6,0,0,0,0,0,0,0,0,0,0,0,6,6,0,0,0,0,0,0,0,0,0,0,0,0,0,0,0
"U. Michigan, Ann Arbor",777,167,11,122,34,97,41,12,44,46,19,27,107,26,10,28,16,8,19,223,17,15,19,9,48,5,21,34,55
"U. Michigan, Dearborn",8,0,0,0,0,0,0,0,0,3,3,0,0,0,0,0,0,0,0,5,0,0,0,0,1,0,1,1,2
Van Andel Institute,4,4,0,4,0,0,0,0,0,0,0,0,0,0,0,0,0,0,0,0,0,0,0,0,0,0,0,0,0
Wayne State U.,249,60,0,44,16,30,16,0,14,13,6,7,53,31,3,6,2,7,4,28,0,6,3,4,4,2,1,4,4
Western Michigan U.,120,6,1,2,3,11,6,2,3,7,2,5,41,27,0,8,3,3,0,10,0,0,0,1,3,1,0,3,2
Minnesota,"1,374",397,50,145,202,66,38,12,16,53,31,22,362,214,5,23,11,3,106,128,11,19,23,8,30,1,7,21,8
"Mayo Clinic, Mayo Graduate School",36,32,0,28,4,0,0,0,0,0,0,0,0,0,0,0,0,0,0,3,0,2,0,0,1,0,0,0,0
"U. Minnesota, Twin Cities",678,179,36,102,41,66,38,12,16,51,29,22,102,44,5,23,9,3,18,121,11,17,23,8,29,1,7,21,4
Walden U.,660,186,14,15,157,0,0,0,0,2,2,0,260,170,0,0,2,0,88,4,0,0,0,0,0,0,0,0,4
Mississippi,460,107,27,41,39,48,32,8,8,20,8,12,76,49,0,4,3,2,18,51,2,2,3,8,5,4,5,6,16
Jackson State U.,75,3,3,0,0,9,9,0,0,0,0,0,16,8,0,2,0,0,6,0,0,0,0,0,0,0,0,0,0
Mississippi State U.,173,46,24,17,5,18,9,5,4,8,5,3,15,6,0,0,0,2,7,41,2,2,2,5,5,4,5,6,10
"U. Mississippi, Jackson, Medical Center",21,21,0,5,16,0,0,0,0,0,0,0,0,0,0,0,0,0,0,0,0,0,0,0,0,0,0,0,0
"U. Mississippi, Oxford",78,16,0,4,12,8,3,1,4,8,2,6,14,12,0,0,2,0,0,7,0,0,1,3,0,0,0,0,3
U. Southern Mississippi,113,21,0,15,6,13,11,2,0,4,1,3,31,23,0,2,1,0,5,3,0,0,0,0,0,0,0,0,3
Missouri,"1,022",259,34,190,35,108,49,28,31,55,24,31,152,69,16,25,19,8,15,171,4,26,9,16,26,2,9,29,50
Concordia Seminary,6,0,0,0,0,0,0,0,0,0,0,0,0,0,0,0,0,0,0,0,0,0,0,0,0,0,0,0,0
Midwestern Baptist Theological Seminary,2,0,0,0,0,0,0,0,0,0,0,0,0,0,0,0,0,0,0,0,0,0,0,0,0,0,0,0,0
Missouri U. of Science and Technology,119,1,0,1,0,29,11,12,6,14,6,8,0,0,0,0,0,0,0,75,3,0,3,8,13,0,4,16,28
Saint Louis U.,158,29,3,19,7,9,2,7,0,1,0,1,32,23,0,0,0,0,9,7,1,1,0,3,0,0,0,0,2
"U. Missouri, Columbia",345,95,30,52,13,29,17,6,6,25,11,14,52,25,3,7,7,8,2,45,0,5,1,4,9,2,1,9,14
"U. Missouri, Kansas City",62,16,0,8,8,2,1,0,1,3,1,2,17,8,0,8,0,0,1,5,0,0,0,1,2,0,0,1,1
"U. Missouri, Saint Louis",58,11,0,10,1,6,5,0,1,2,0,2,14,7,0,0,4,0,3,0,0,0,0,0,0,0,0,0,0
"Washington U., Saint Louis",272,107,1,100,6,33,13,3,17,10,6,4,37,6,13,10,8,0,0,39,0,20,5,0,2,0,4,3,5
Montana,119,36,9,27,0,15,7,2,6,11,6,5,14,11,1,0,0,0,2,9,0,2,0,0,2,0,1,1,3
"Montana State U., Bozeman",66,12,3,9,0,13,5,2,6,10,6,4,3,1,0,0,0,0,2,8,0,1,0,0,2,0,1,1,3
"U. Montana, Missoula",53,24,6,18,0,2,2,0,0,1,0,1,11,10,1,0,0,0,0,1,0,1,0,0,0,0,0,0,0
Nebraska,363,143,36,80,27,32,19,6,7,27,10,17,46,30,0,1,4,6,5,44,0,6,2,4,8,0,4,12,8
Creighton U.,7,7,0,7,0,0,0,0,0,0,0,0,0,0,0,0,0,0,0,0,0,0,0,0,0,0,0,0,0
"U. Nebraska, Lincoln",267,67,36,28,3,30,17,6,7,22,5,17,37,24,0,1,4,6,2,44,0,6,2,4,8,0,4,12,8
"U. Nebraska, Medical Center",70,66,0,42,24,2,2,0,0,0,0,0,2,2,0,0,0,0,0,0,0,0,0,0,0,0,0,0,0
U. Nebraska Omaha,19,3,0,3,0,0,0,0,0,5,5,0,7,4,0,0,0,0,3,0,0,0,0,0,0,0,0,0,0
Nevada,200,21,4,11,6,20,11,4,5,11,7,4,44,22,6,2,3,4,7,34,0,1,4,6,3,0,4,6,10
"U. Nevada, Las Vegas",99,5,0,1,4,5,4,1,0,5,1,4,22,8,4,0,2,4,4,13,0,0,0,4,2,0,0,4,3
"U. Nevada, Reno",101,16,4,10,2,15,7,3,5,6,6,0,22,14,2,2,1,0,3,21,0,1,4,2,1,0,4,2,7
New Hampshire,158,60,9,50,1,32,11,5,16,10,1,9,17,9,1,4,0,2,1,17,0,2,1,2,1,0,3,2,6
"Antioch U., Keene",8,6,6,0,0,0,0,0,0,0,0,0,0,0,0,0,0,0,0,0,0,0,0,0,0,0,0,0,0
Dartmouth C.,83,47,0,47,0,13,2,3,8,4,1,3,8,6,1,0,0,0,1,11,0,2,1,0,1,0,3,0,4
Southern New Hampshire U.,4,0,0,0,0,0,0,0,0,0,0,0,0,0,0,0,0,0,0,0,0,0,0,0,0,0,0,0,0
"U. New Hampshire, Durham",63,7,3,3,1,19,9,2,8,6,0,6,9,3,0,4,0,2,0,6,0,0,0,2,0,0,0,2,2
New Jersey,"1,115",209,26,160,23,145,62,28,55,100,52,48,179,53,7,28,24,16,51,194,3,24,19,11,39,8,13,32,45
Drew U.,10,0,0,0,0,0,0,0,0,0,0,0,1,0,0,0,0,1,0,0,0,0,0,0,0,0,0,0,0
"Fairleigh Dickinson U., Teaneck",15,0,0,0,0,0,0,0,0,0,0,0,15,15,0,0,0,0,0,0,0,0,0,0,0,0,0,0,0
Montclair State U.,15,4,4,0,0,0,0,0,0,0,0,0,5,5,0,0,0,0,0,0,0,0,0,0,0,0,0,0,0
New Jersey Institute of Technology,59,5,2,3,0,2,1,0,1,17,10,7,2,0,0,0,0,0,2,33,0,8,3,1,8,3,1,3,6
Princeton Theological Seminary,8,0,0,0,0,0,0,0,0,0,0,0,0,0,0,0,0,0,0,0,0,0,0,0,0,0,0,0,0
Princeton U.,359,44,1,43,0,76,23,14,39,29,15,14,65,7,2,21,16,12,7,57,3,0,13,4,11,0,0,13,13
Rowan U.,6,5,0,5,0,1,1,0,0,0,0,0,0,0,0,0,0,0,0,0,0,0,0,0,0,0,0,0,0
Rutgers School of Biomedical and Health Sciences,45,43,0,43,0,0,0,0,0,0,0,0,0,0,0,0,0,0,0,2,0,2,0,0,0,0,0,0,0
"Rutgers, State U. New Jersey, Camden",4,0,0,0,0,0,0,0,0,1,0,1,0,0,0,0,0,0,0,0,0,0,0,0,0,0,0,0,0
"Rutgers, State U. New Jersey, New Brunswick",396,71,16,50,5,48,23,12,13,37,17,20,59,14,5,6,8,3,23,69,0,11,2,5,14,5,9,11,12
"Rutgers, State U. New Jersey, Newark",94,15,3,9,3,6,4,2,0,4,2,2,28,8,0,1,0,0,19,0,0,0,0,0,0,0,0,0,0
Seton Hall U.,46,20,0,5,15,8,8,0,0,0,0,0,4,4,0,0,0,0,0,0,0,0,0,0,0,0,0,0,0
Stevens Institute of Technology,58,2,0,2,0,4,2,0,2,12,8,4,0,0,0,0,0,0,0,33,0,3,1,1,6,0,3,5,14
New Mexico,299,45,6,31,8,44,9,11,24,21,12,9,43,22,4,1,2,0,14,74,0,2,10,5,16,5,7,5,24
New Mexico Institute of Mining and Technology,13,0,0,0,0,6,0,4,2,2,1,1,0,0,0,0,0,0,0,5,0,0,0,0,0,0,4,0,1
"New Mexico State U., Las Cruces",95,12,4,7,1,13,2,2,9,6,4,2,6,6,0,0,0,0,0,27,0,0,5,2,5,5,1,4,5
"U. New Mexico, Albuquerque",191,33,2,24,7,25,7,5,13,13,7,6,37,16,4,1,2,0,14,42,0,2,5,3,11,0,2,1,18
New York,"4,064",859,68,677,114,411,164,63,184,302,151,151,835,359,64,124,91,88,109,567,14,81,68,35,112,12,57,74,114
Adelphi U.,26,5,0,0,5,0,0,0,0,0,0,0,19,19,0,0,0,0,0,0,0,0,0,0,0,0,0,0,0
Albany Medical C.,9,9,0,9,0,0,0,0,0,0,0,0,0,0,0,0,0,0,0,0,0,0,0,0,0,0,0,0,0
Alfred U.,2,0,0,0,0,0,0,0,0,0,0,0,0,0,0,0,0,0,0,2,0,0,0,0,0,0,1,0,1
Clarkson U.,32,2,0,2,0,11,7,1,3,3,1,2,0,0,0,0,0,0,0,16,0,0,8,1,0,0,2,3,2
Cold Spring Harbor Laboratory,7,7,0,7,0,0,0,0,0,0,0,0,0,0,0,0,0,0,0,0,0,0,0,0,0,0,0,0,0
Columbia U. in the City of New York,481,116,2,95,19,57,18,6,33,39,19,20,69,11,9,20,14,9,6,87,1,15,10,8,25,1,1,8,18
"Columbia U., Teachers C.",192,18,0,6,12,0,0,0,0,0,0,0,40,28,6,2,0,0,4,0,0,0,0,0,0,0,0,0,0
Cornell U.,496,133,44,88,1,60,18,11,31,46,25,21,81,10,2,27,14,13,15,107,3,20,17,7,16,0,10,15,19
"Cornell U., Graduate School of Medical Sciences",54,49,0,49,0,4,4,0,0,0,0,0,1,1,0,0,0,0,0,0,0,0,0,0,0,0,0,0,0
"CUNY, City C.",30,1,0,1,0,4,0,4,0,2,2,0,0,0,0,0,0,0,0,23,0,6,7,5,3,0,0,2,0
"CUNY, Graduate Center",419,46,4,26,16,30,13,4,13,24,6,18,151,72,13,5,19,11,31,4,0,1,0,0,0,0,2,0,1
Fordham U.,112,5,0,5,0,0,0,0,0,0,0,0,47,36,0,9,0,1,1,0,0,0,0,0,0,0,0,0,0
Hofstra U.,19,0,0,0,0,0,0,0,0,0,0,0,16,16,0,0,0,0,0,0,0,0,0,0,0,0,0,0,0
Icahn School of Medicine at Mt. Sinai,43,43,2,41,0,0,0,0,0,0,0,0,0,0,0,0,0,0,0,0,0,0,0,0,0,0,0,0,0
Jewish Theological Seminary of America,2,0,0,0,0,0,0,0,0,0,0,0,0,0,0,0,0,0,0,0,0,0,0,0,0,0,0,0,0
"Long Island U., Brooklyn",18,0,0,0,0,0,0,0,0,0,0,0,18,18,0,0,0,0,0,0,0,0,0,0,0,0,0,0,0
"Long Island U., Brookville",1,0,0,0,0,0,0,0,0,1,1,0,0,0,0,0,0,0,0,0,0,0,0,0,0,0,0,0,0
New School,47,0,0,0,0,0,0,0,0,0,0,0,36,10,6,7,4,7,2,0,0,0,0,0,0,0,0,0,0
New York Medical C.,6,5,0,2,3,0,0,0,0,0,0,0,0,0,0,0,0,0,0,0,0,0,0,0,0,0,0,0,0
New York U.,435,81,6,60,15,31,14,3,14,42,18,24,81,24,8,16,9,9,15,37,0,2,3,6,13,0,1,5,7
Pace U.,1,0,0,0,0,0,0,0,0,1,1,0,0,0,0,0,0,0,0,0,0,0,0,0,0,0,0,0,0
"Rensselaer Polytechnic Institute, Troy",122,9,0,8,1,14,7,0,7,20,11,9,5,2,1,1,0,1,0,60,3,5,12,0,8,0,9,11,12
Rochester Institute of Technology,25,9,0,9,0,3,0,0,3,7,5,2,0,0,0,0,0,0,0,6,0,0,0,0,2,0,0,0,4
Rockefeller U.,23,20,0,20,0,3,2,0,1,0,0,0,0,0,0,0,0,0,0,0,0,0,0,0,0,0,0,0,0
"St. John's U., Queens",41,15,0,8,7,1,1,0,0,0,0,0,12,12,0,0,0,0,0,0,0,0,0,0,0,0,0,0,0
Syracuse U.,217,8,1,6,1,29,14,6,9,10,8,2,44,13,5,8,7,4,7,47,2,6,4,5,12,0,0,5,13
"SUNY, Binghamton U.",130,11,1,8,2,16,7,2,7,7,6,1,30,14,1,3,5,6,1,35,0,4,0,0,5,7,9,6,4
"SUNY, C. of Environmental Science and Forestry",20,10,7,2,1,1,1,0,0,0,0,0,0,0,0,0,0,0,0,8,0,0,1,0,0,0,0,0,7
"SUNY, C. of Optometry",2,2,0,2,0,0,0,0,0,0,0,0,0,0,0,0,0,0,0,0,0,0,0,0,0,0,0,0,0
"SUNY, Downstate Medical Center",13,12,0,12,0,0,0,0,0,0,0,0,0,0,0,0,0,0,0,1,0,1,0,0,0,0,0,0,0
"SUNY, Stony Brook U.",264,39,0,39,0,65,27,15,23,47,15,32,33,13,2,7,3,6,2,39,0,11,1,0,6,0,13,6,2
"SUNY, U. Albany",165,20,0,16,4,10,4,5,1,14,10,4,57,16,3,9,7,14,8,15,0,3,0,0,0,0,5,0,7
"SUNY, U. Buffalo",341,79,0,60,19,26,14,2,10,25,19,6,63,23,8,4,4,7,17,55,5,4,4,3,12,4,0,9,14
"SUNY, Upstate Medical U.",13,13,0,13,0,0,0,0,0,0,0,0,0,0,0,0,0,0,0,0,0,0,0,0,0,0,0,0,0
Union Theological Seminary,9,0,0,0,0,0,0,0,0,0,0,0,0,0,0,0,0,0,0,0,0,0,0,0,0,0,0,0,0
U. Rochester,201,60,1,51,8,46,13,4,29,13,4,9,23,12,0,6,5,0,0,25,0,3,1,0,10,0,4,4,3
Yeshiva U.,46,32,0,32,0,0,0,0,0,1,0,1,9,9,0,0,0,0,0,0,0,0,0,0,0,0,0,0,0
North Carolina,"1,833",545,73,369,103,194,101,49,44,155,63,92,247,101,15,40,16,29,46,316,7,47,28,18,58,14,29,40,75
Duke U.,420,129,10,108,11,40,20,12,8,24,5,19,72,20,8,17,10,9,8,72,0,29,0,1,15,0,2,11,14
East Carolina U.,53,30,0,11,19,3,0,3,0,0,0,0,14,13,0,0,0,0,1,0,0,0,0,0,0,0,0,0,0
North Carolina Agricultural and Technical State U.,62,12,9,3,0,4,0,4,0,2,2,0,3,1,0,1,0,0,1,24,0,1,1,1,7,1,0,2,11
North Carolina State U.,499,108,47,61,0,61,30,15,16,61,21,40,35,16,0,12,0,6,1,164,7,2,27,12,25,13,19,22,37
Southeastern Baptist Theological Seminary,7,0,0,0,0,0,0,0,0,0,0,0,0,0,0,0,0,0,0,0,0,0,0,0,0,0,0,0,0
"U. North Carolina, Chapel Hill",542,205,6,145,54,72,46,12,14,40,20,20,83,23,7,9,6,14,24,17,0,6,0,0,0,0,6,0,5
"U. North Carolina, Charlotte",108,11,1,6,4,8,1,1,6,23,13,10,17,9,0,0,0,0,8,27,0,0,0,4,11,0,2,5,5
"U. North Carolina, Greensboro",102,21,0,6,15,4,4,0,0,5,2,3,23,19,0,1,0,0,3,3,0,0,0,0,0,0,0,0,3
"U. North Carolina, Wilmington",2,0,0,0,0,2,0,2,0,0,0,0,0,0,0,0,0,0,0,0,0,0,0,0,0,0,0,0,0
Wake Forest U.,38,29,0,29,0,0,0,0,0,0,0,0,0,0,0,0,0,0,0,9,0,9,0,0,0,0,0,0,0
North Dakota,181,46,16,21,9,10,6,1,3,8,6,2,32,27,0,0,0,0,5,30,3,1,2,6,4,0,3,1,10
North Dakota State U.,94,35,16,12,7,4,3,0,1,7,5,2,10,6,0,0,0,0,4,23,0,1,0,6,3,0,3,1,9
U. North Dakota,87,11,0,9,2,6,3,1,2,1,1,0,22,21,0,0,0,0,1,7,3,0,2,0,1,0,0,0,1
Ohio,"2,028",440,46,314,80,260,141,14,105,113,59,54,283,144,9,23,14,25,68,410,23,40,35,15,77,7,47,61,105
Air Force Institute of Technology,37,0,0,0,0,7,0,0,7,10,5,5,0,0,0,0,0,0,0,18,7,0,0,0,7,0,1,0,3
"Bowling Green State U., Bowling Green",86,7,1,6,0,5,5,0,0,8,0,8,22,15,0,0,0,1,6,1,0,0,0,0,0,0,1,0,0
Case Western Reserve U.,196,55,0,50,5,21,11,0,10,7,3,4,15,6,2,0,0,5,2,57,0,12,2,1,5,0,6,5,26
Cleveland State U.,51,12,0,12,0,8,8,0,0,2,2,0,8,4,0,0,0,0,4,6,0,3,0,0,1,0,0,1,1
"Kent State U., Kent",170,34,0,18,16,26,10,2,14,14,7,7,40,23,1,0,4,4,8,1,1,0,0,0,0,0,0,0,0
"Miami U., Oxford",58,21,0,21,0,7,5,2,0,0,0,0,12,10,0,0,0,0,2,0,0,0,0,0,0,0,0,0,0
Northeast Ohio Medical U.,1,1,0,1,0,0,0,0,0,0,0,0,0,0,0,0,0,0,0,0,0,0,0,0,0,0,0,0,0
"Ohio State U., Columbus",735,196,44,119,33,81,38,7,36,42,25,17,99,26,6,23,9,9,26,141,8,16,8,3,32,4,21,19,30
"Ohio U., Athens",121,12,0,10,2,21,7,0,14,4,1,3,11,11,0,0,0,0,0,13,0,0,5,1,4,0,0,0,3
"U. Akron, Akron",141,8,0,5,3,25,22,0,3,0,0,0,19,16,0,0,0,2,1,75,0,4,15,7,8,0,0,11,30
"U. Cincinnati, Uptown West Campus",230,56,0,38,18,32,21,2,9,12,6,6,32,12,0,0,1,3,16,40,5,3,2,2,4,0,7,11,6
U. Dayton,40,1,0,1,0,5,0,0,5,0,0,0,0,0,0,0,0,0,0,22,2,0,0,0,8,0,2,7,3
U. Toledo,110,21,0,18,3,21,14,0,7,5,1,4,12,8,0,0,0,1,3,23,0,2,3,1,5,3,2,5,2
"Wright State U., Dayton",50,16,1,15,0,1,0,1,0,9,9,0,13,13,0,0,0,0,0,11,0,0,0,0,3,0,5,2,1
Youngstown State U.,2,0,0,0,0,0,0,0,0,0,0,0,0,0,0,0,0,0,0,2,0,0,0,0,0,0,2,0,0
Oklahoma,524,137,28,86,23,46,16,17,13,25,17,8,73,47,2,5,2,5,12,70,3,5,7,7,15,4,0,10,19
Oklahoma City U.,10,6,0,0,6,0,0,0,0,0,0,0,0,0,0,0,0,0,0,0,0,0,0,0,0,0,0,0,0
"Oklahoma State U., Center for Health Sciences",3,3,0,3,0,0,0,0,0,0,0,0,0,0,0,0,0,0,0,0,0,0,0,0,0,0,0,0,0
"Oklahoma State U., Stillwater",226,53,26,22,5,17,10,3,4,9,5,4,30,24,0,2,1,0,3,31,1,3,5,5,5,3,0,5,4
"U. Oklahoma, Norman",242,67,2,54,11,26,5,14,7,8,5,3,34,14,2,3,1,5,9,28,2,2,1,2,10,1,0,1,9
U. Tulsa,43,8,0,7,1,3,1,0,2,8,7,1,9,9,0,0,0,0,0,11,0,0,1,0,0,0,0,4,6
Oregon,572,183,54,104,25,95,40,28,27,52,32,20,80,42,1,6,1,11,19,71,0,4,5,8,16,6,6,6,20
Oregon Health and Science U.,49,40,2,35,3,1,1,0,0,1,1,0,3,3,0,0,0,0,0,4,0,4,0,0,0,0,0,0,0
"Oregon State U., Corvallis",267,106,39,48,19,39,17,15,7,25,18,7,17,12,0,0,0,1,4,57,0,0,5,8,15,6,5,5,13
Portland State U.,61,15,9,5,1,16,8,2,6,8,5,3,9,2,0,0,0,0,7,9,0,0,0,0,1,0,0,1,7
U. Oregon,195,22,4,16,2,39,14,11,14,18,8,10,51,25,1,6,1,10,8,1,0,0,0,0,0,0,1,0,0
Pennsylvania,"2,628",589,43,416,130,248,124,33,91,206,118,88,356,130,15,67,23,35,86,545,10,64,60,27,80,15,68,85,136
Bryn Mawr C.,15,0,0,0,0,1,0,0,1,2,0,2,0,0,0,0,0,0,0,0,0,0,0,0,0,0,0,0,0
Carnegie Mellon U.,308,15,1,14,0,32,15,2,15,58,42,16,23,8,0,3,0,0,12,162,0,12,13,4,22,0,22,26,63
Drexel U.,152,35,2,32,1,7,4,2,1,16,10,6,18,17,0,1,0,0,0,56,0,6,6,4,13,0,12,10,5
Duquesne U.,58,11,2,2,7,2,2,0,0,0,0,0,7,6,0,0,0,0,1,0,0,0,0,0,0,0,0,0,0
Indiana U. Pennsylvania,60,0,0,0,0,0,0,0,0,0,0,0,9,0,0,0,0,1,8,0,0,0,0,0,0,0,0,0,0
Lehigh U.,89,8,2,6,0,14,6,1,7,4,2,2,9,5,0,4,0,0,0,38,0,1,9,0,7,3,2,5,11
"Lutheran Theological Seminary, Philadelphia",8,0,0,0,0,0,0,0,0,0,0,0,0,0,0,0,0,0,0,0,0,0,0,0,0,0,0,0,0
Marywood U.,15,0,0,0,0,0,0,0,0,0,0,0,7,7,0,0,0,0,0,0,0,0,0,0,0,0,0,0,0
"Pennsylvania State U., University Park and Hershey Medical Center",694,149,33,97,19,86,30,26,30,41,27,14,99,35,1,18,6,14,25,153,10,10,15,13,16,8,18,22,41
Temple U.,259,39,1,23,15,33,26,1,6,14,7,7,56,23,2,11,4,6,10,12,0,4,0,0,1,0,1,3,3
Thomas Jefferson U.,28,28,0,26,2,0,0,0,0,0,0,0,0,0,0,0,0,0,0,0,0,0,0,0,0,0,0,0,0
U. Pennsylvania,488,146,0,129,17,36,19,1,16,33,14,19,81,11,6,22,9,11,22,53,0,14,12,0,8,0,6,8,5
"U. Pittsburgh, Pittsburgh",386,131,2,78,51,36,21,0,15,38,16,22,35,10,6,8,4,3,4,62,0,17,5,4,10,4,7,7,8
U. of the Sciences Philadelphia,16,11,0,9,2,1,1,0,0,0,0,0,4,0,0,0,0,0,4,0,0,0,0,0,0,0,0,0,0
Villanova U.,27,5,0,0,5,0,0,0,0,0,0,0,0,0,0,0,0,0,0,9,0,0,0,2,3,0,0,4,0
Westminster Theological Seminary,2,0,0,0,0,0,0,0,0,0,0,0,0,0,0,0,0,0,0,0,0,0,0,0,0,0,0,0,0
"Widener U., Chester",23,11,0,0,11,0,0,0,0,0,0,0,8,8,0,0,0,0,0,0,0,0,0,0,0,0,0,0,0
Puerto Rico,84,8,2,6,0,4,2,1,1,1,1,0,43,35,0,0,0,0,8,4,0,0,3,0,0,0,0,0,1
"Inter American U. Puerto Rico, San Juan",32,0,0,0,0,0,0,0,0,0,0,0,18,17,0,0,0,0,1,0,0,0,0,0,0,0,0,0,0
Ponce Heath Sciences U.,4,4,0,4,0,0,0,0,0,0,0,0,0,0,0,0,0,0,0,0,0,0,0,0,0,0,0,0,0
"Pontifical Catholic U. Puerto Rico, Ponce",13,1,1,0,0,1,0,0,1,0,0,0,11,11,0,0,0,0,0,0,0,0,0,0,0,0,0,0,0
"U. Puerto Rico, Mayaguez",9,1,0,1,0,3,2,1,0,1,1,0,0,0,0,0,0,0,0,4,0,0,3,0,0,0,0,0,1
"U. Puerto Rico, Rio Piedras",26,2,1,1,0,0,0,0,0,0,0,0,14,7,0,0,0,0,7,0,0,0,0,0,0,0,0,0,0
Rhode Island,322,67,3,55,9,47,12,22,13,37,12,25,58,27,6,12,4,4,5,39,0,5,3,0,8,2,5,7,9
Brown U.,210,50,0,45,5,32,7,15,10,30,9,21,33,4,6,11,4,4,4,20,0,5,1,0,3,0,5,2,4
Salve Regina U.,12,0,0,0,0,0,0,0,0,0,0,0,0,0,0,0,0,0,0,0,0,0,0,0,0,0,0,0,0
U. Rhode Island,100,17,3,10,4,15,5,7,3,7,3,4,25,23,0,1,0,0,1,19,0,0,2,0,5,2,0,5,5
South Carolina,506,100,8,57,35,59,38,7,14,32,12,20,65,27,0,14,5,5,14,141,0,17,19,24,22,6,6,31,16
Clemson U.,235,29,8,18,3,27,17,2,8,15,6,9,32,13,0,13,0,1,5,97,0,15,4,17,12,6,6,23,14
Medical U. South Carolina,25,25,0,17,8,0,0,0,0,0,0,0,0,0,0,0,0,0,0,0,0,0,0,0,0,0,0,0,0
"U. South Carolina, Columbia",246,46,0,22,24,32,21,5,6,17,6,11,33,14,0,1,5,4,9,44,0,2,15,7,10,0,0,8,2
South Dakota,110,37,21,13,3,12,8,4,0,10,10,0,19,14,0,0,1,4,0,21,0,0,6,0,5,0,5,2,3
Dakota State U.,10,0,0,0,0,0,0,0,0,10,10,0,0,0,0,0,0,0,0,0,0,0,0,0,0,0,0,0,0
South Dakota School of Mines and Technology,15,1,1,0,0,4,0,4,0,0,0,0,0,0,0,0,0,0,0,10,0,0,6,0,0,0,2,2,0
South Dakota State U.,54,33,20,10,3,7,7,0,0,0,0,0,4,0,0,0,0,4,0,8,0,0,0,0,5,0,0,0,3
U. South Dakota,31,3,0,3,0,1,1,0,0,0,0,0,15,14,0,0,1,0,0,3,0,0,0,0,0,0,3,0,0
Tennessee,"1,032",270,22,186,62,87,51,7,29,52,32,20,153,82,10,21,12,4,24,185,3,19,19,7,41,8,20,11,57
East Tennessee State U.,33,22,0,5,17,0,0,0,0,0,0,0,6,6,0,0,0,0,0,0,0,0,0,0,0,0,0,0,0
Meharry Medical C.,8,8,0,8,0,0,0,0,0,0,0,0,0,0,0,0,0,0,0,0,0,0,0,0,0,0,0,0,0
Mid-America Baptist Theological Seminary,4,0,0,0,0,0,0,0,0,0,0,0,1,1,0,0,0,0,0,0,0,0,0,0,0,0,0,0,0
Middle Tennessee State U.,60,13,0,8,5,1,1,0,0,8,3,5,6,0,0,6,0,0,0,0,0,0,0,0,0,0,0,0,0
Tennessee State U.,17,5,2,3,0,0,0,0,0,1,1,0,4,4,0,0,0,0,0,5,0,0,0,0,2,0,0,0,3
Tennessee Technological U.,23,1,1,0,0,1,0,1,0,1,1,0,0,0,0,0,0,0,0,10,0,0,2,1,4,0,1,0,2
U. Memphis,158,12,0,7,5,4,3,1,0,12,6,6,43,26,0,4,0,0,13,10,0,1,0,2,2,0,0,2,3
"U. Tennessee, Chattanooga",16,0,0,0,0,0,0,0,0,1,1,0,0,0,0,0,0,0,0,11,0,0,0,0,0,0,0,1,10
"U. Tennessee, Health Science Center",35,31,0,18,13,3,3,0,0,0,0,0,1,0,0,0,0,0,1,0,0,0,0,0,0,0,0,0,0
"U. Tennessee, Knoxville",365,62,17,36,9,40,24,4,12,19,12,7,51,26,6,4,5,2,8,100,3,6,11,2,23,8,11,3,33
Vanderbilt U.,313,116,2,101,13,38,20,1,17,10,8,2,41,19,4,7,7,2,2,49,0,12,6,2,10,0,8,5,6
Texas,"4,068",905,99,609,197,424,177,101,146,296,147,149,553,235,26,55,43,40,154,880,34,77,92,84,184,23,91,114,181
Baylor C. of Medicine,81,81,0,80,1,0,0,0,0,0,0,0,0,0,0,0,0,0,0,0,0,0,0,0,0,0,0,0,0
Baylor U.,73,10,1,6,3,12,8,1,3,10,1,9,10,2,0,0,5,3,0,3,0,0,0,0,3,0,0,0,0
Brite Divinity S.,4,0,0,0,0,0,0,0,0,0,0,0,0,0,0,0,0,0,0,0,0,0,0,0,0,0,0,0,0
Dallas Theological Seminary,7,0,0,0,0,0,0,0,0,0,0,0,0,0,0,0,0,0,0,0,0,0,0,0,0,0,0,0,0
Lamar U.,13,0,0,0,0,0,0,0,0,0,0,0,0,0,0,0,0,0,0,13,0,0,4,0,1,5,0,2,1
Prairie View A&M U.,3,0,0,0,0,0,0,0,0,0,0,0,3,0,0,0,0,0,3,0,0,0,0,0,0,0,0,0,0
Rice U.,192,17,0,16,1,46,13,6,27,27,6,21,18,7,1,3,1,3,3,56,0,15,7,5,8,0,15,0,6
Sam Houston State U.,26,0,0,0,0,0,0,0,0,0,0,0,19,5,0,0,0,0,14,0,0,0,0,0,0,0,0,0,0
Southern Methodist U.,75,5,0,5,0,10,3,2,5,16,3,13,13,3,1,8,0,0,1,13,0,0,0,1,2,0,1,3,6
Southwestern Baptist Theological Seminary,23,0,0,0,0,0,0,0,0,0,0,0,1,1,0,0,0,0,0,0,0,0,0,0,0,0,0,0,0
"St. Mary's U., San Antonio",3,0,0,0,0,0,0,0,0,0,0,0,1,1,0,0,0,0,0,0,0,0,0,0,0,0,0,0,0
Stephen F. Austin State U.,1,1,1,0,0,0,0,0,0,0,0,0,0,0,0,0,0,0,0,0,0,0,0,0,0,0,0,0,0
"Texas A&M U., College Station and Health Science Center",732,173,60,88,25,88,38,22,28,43,14,29,81,20,5,12,6,10,28,236,13,16,17,20,42,4,17,41,66
Texas A&M U.-Commerce,14,0,0,0,0,0,0,0,0,0,0,0,7,6,0,0,0,0,1,0,0,0,0,0,0,0,0,0,0
Texas A&M U.-Corpus Christi,19,2,1,1,0,3,0,3,0,0,0,0,1,1,0,0,0,0,0,0,0,0,0,0,0,0,0,0,0
Texas A&M U.-Kingsville,6,4,1,3,0,0,0,0,0,0,0,0,0,0,0,0,0,0,0,2,0,0,0,2,0,0,0,0,0
Texas Christian U.,25,0,0,0,0,7,4,0,3,0,0,0,4,3,0,0,1,0,0,0,0,0,0,0,0,0,0,0,0
Texas Southern U.,45,20,1,14,5,0,0,0,0,0,0,0,11,1,0,0,0,0,10,0,0,0,0,0,0,0,0,0,0
Texas State U.,37,2,1,1,0,0,0,0,0,0,0,0,16,0,0,0,0,0,16,8,0,0,0,0,0,0,8,0,0
Texas Tech U.,341,49,21,27,1,20,13,5,2,16,5,11,38,28,0,7,1,0,2,53,0,2,4,6,11,6,0,10,14
"Texas Tech U., Health Sciences Center",17,17,0,12,5,0,0,0,0,0,0,0,0,0,0,0,0,0,0,0,0,0,0,0,0,0,0,0,0
Texas Woman's U.,94,47,0,4,43,0,0,0,0,0,0,0,31,22,0,0,0,5,4,0,0,0,0,0,0,0,0,0,0
U. Dallas,9,0,0,0,0,0,0,0,0,0,0,0,4,0,0,0,4,0,0,0,0,0,0,0,0,0,0,0,0
U. Houston,301,33,0,23,10,62,25,18,19,33,15,18,50,36,0,6,2,0,6,76,0,6,17,8,13,3,9,11,9
"U. North Texas, Denton",209,10,3,5,2,13,8,0,5,28,21,7,43,31,0,0,7,3,2,12,0,0,0,0,0,0,11,1,0
"U. North Texas, Health Science Center",20,20,0,20,0,0,0,0,0,0,0,0,0,0,0,0,0,0,0,0,0,0,0,0,0,0,0,0,0
"U. of St. Thomas, Houston",4,0,0,0,0,0,0,0,0,0,0,0,0,0,0,0,0,0,0,0,0,0,0,0,0,0,0,0,0
U. of the Incarnate Word,18,0,0,0,0,0,0,0,0,0,0,0,0,0,0,0,0,0,0,0,0,0,0,0,0,0,0,0,0
"U. Texas Health Science Center, Houstona",128,125,0,94,31,0,0,0,0,0,0,0,2,1,0,0,0,0,1,0,0,0,0,0,0,0,0,0,0
"U. Texas Health Science Center, San Antonio",38,32,0,25,7,0,0,0,0,0,0,0,0,0,0,0,0,0,0,6,0,6,0,0,0,0,0,0,0
U. Texas Medical Branch,50,44,0,32,12,0,0,0,0,0,0,0,1,0,0,0,0,0,1,0,0,0,0,0,0,0,0,0,0
U. Texas Pan American,5,1,0,0,1,0,0,0,0,0,0,0,0,0,0,0,0,0,0,0,0,0,0,0,0,0,0,0,0
U. Texas Southwestern Medical Center,53,47,0,47,0,2,2,0,0,0,0,0,1,1,0,0,0,0,0,3,0,3,0,0,0,0,0,0,0
"U. Texas, Arlington",207,19,0,11,8,18,7,4,7,24,15,9,21,10,0,0,0,0,11,72,13,6,0,12,13,4,5,10,9
"U. Texas, Austin",795,109,2,70,37,98,37,31,30,50,33,17,123,32,18,17,13,16,27,203,7,9,43,24,37,0,10,18,55
"U. Texas, Dallas",201,16,0,13,3,17,13,2,2,33,23,10,30,13,0,2,3,0,12,64,0,7,0,0,39,0,7,5,6
"U. Texas, El Paso",91,9,2,5,2,11,4,7,0,3,3,0,8,8,0,0,0,0,0,39,1,2,0,5,8,1,8,10,4
"U. Texas, San Antonio",105,10,3,7,0,17,2,0,15,12,8,4,16,3,1,0,0,0,12,21,0,5,0,1,7,0,0,3,5
West Texas A&M U.,3,2,2,0,0,0,0,0,0,1,0,1,0,0,0,0,0,0,0,0,0,0,0,0,0,0,0,0,0
Utah,508,116,8,85,23,54,27,13,14,49,22,27,82,47,1,8,3,10,13,99,1,15,12,12,15,0,6,16,22
"Brigham Young U., Provo",92,17,1,16,0,7,6,0,1,7,5,2,18,18,0,0,0,0,0,17,0,0,7,1,4,0,0,5,0
U. Utah,329,73,1,52,20,39,17,11,11,35,14,21,50,19,1,7,3,7,13,68,0,15,5,7,6,0,6,9,20
"Utah State U., Logan",87,26,6,17,3,8,4,2,2,7,3,4,14,10,0,1,0,3,0,14,1,0,0,4,5,0,0,2,2
Vermont,61,25,9,15,1,6,6,0,0,4,1,3,7,6,0,1,0,0,0,7,0,3,0,0,0,0,0,1,3
Middlebury C.,7,0,0,0,0,0,0,0,0,0,0,0,0,0,0,0,0,0,0,0,0,0,0,0,0,0,0,0,0
U. Vermont,54,25,9,15,1,6,6,0,0,4,1,3,7,6,0,1,0,0,0,7,0,3,0,0,0,0,0,1,3
Virginia,"1,513",265,51,157,57,145,56,29,60,103,72,31,277,106,6,46,19,22,78,291,11,22,13,33,63,6,21,43,79
C. of William and Mary,74,3,0,3,0,23,1,6,16,9,8,1,11,0,1,0,0,0,10,0,0,0,0,0,0,0,0,0,0
George Mason U.,262,35,12,15,8,14,2,8,4,32,23,9,102,20,0,25,6,7,44,17,0,0,0,1,7,0,0,0,9
Hampton U.,21,2,0,0,2,3,0,1,2,0,0,0,0,0,0,0,0,0,0,0,0,0,0,0,0,0,0,0,0
James Madison U.,2,1,0,0,1,0,0,0,0,0,0,0,1,1,0,0,0,0,0,0,0,0,0,0,0,0,0,0,0
Norfolk State U.,2,0,0,0,0,0,0,0,0,0,0,0,0,0,0,0,0,0,0,2,0,0,0,0,0,0,2,0,0
Old Dominion U.,141,11,0,4,7,12,3,1,8,8,7,1,28,19,1,0,0,0,8,26,1,1,0,1,4,0,0,7,12
Regent U.,58,0,0,0,0,0,0,0,0,0,0,0,3,2,0,0,0,0,1,0,0,0,0,0,0,0,0,0,0
Union Presbyterian Seminary,5,0,0,0,0,0,0,0,0,0,0,0,0,0,0,0,0,0,0,0,0,0,0,0,0,0,0,0,0
"U. Virginia, Charlottesville",326,57,5,41,11,38,18,1,19,11,4,7,56,20,4,12,10,6,4,64,1,4,9,4,10,0,13,10,13
Virginia Commonwealth U.,184,70,0,46,24,14,14,0,0,3,2,1,25,19,0,1,0,0,5,26,0,5,2,0,6,0,1,5,7
Virginia Polytechnic Institute and State U.,438,86,34,48,4,41,18,12,11,40,28,12,51,25,0,8,3,9,6,156,9,12,2,27,36,6,5,21,38
Washington,914,256,51,143,62,110,49,24,37,68,35,33,116,39,9,12,6,13,37,171,5,24,24,10,27,3,12,26,40
Gonzaga U.,11,0,0,0,0,0,0,0,0,0,0,0,0,0,0,0,0,0,0,0,0,0,0,0,0,0,0,0,0
Seattle Pacific U.,20,0,0,0,0,0,0,0,0,0,0,0,12,12,0,0,0,0,0,0,0,0,0,0,0,0,0,0,0
"U. Washington, Seattle",604,160,9,106,45,80,31,21,28,58,28,30,71,16,5,9,4,9,28,105,5,24,13,2,17,3,3,20,18
Washington State U.,279,96,42,37,17,30,18,3,9,10,7,3,33,11,4,3,2,4,9,66,0,0,11,8,10,0,9,6,22
West Virginia,183,52,10,29,13,17,7,2,8,11,3,8,31,19,0,6,2,0,4,32,2,0,5,2,4,4,2,6,7
Marshall U.,4,2,0,2,0,0,0,0,0,0,0,0,0,0,0,0,0,0,0,0,0,0,0,0,0,0,0,0,0
West Virginia U.,179,50,10,27,13,17,7,2,8,11,3,8,31,19,0,6,2,0,4,32,2,0,5,2,4,4,2,6,7
Wisconsin,"1,130",311,51,183,77,121,60,18,43,75,34,41,138,47,4,32,10,17,28,176,0,19,17,13,37,9,16,31,34
Cardinal Stritch U.,23,0,0,0,0,0,0,0,0,0,0,0,1,0,0,0,0,0,1,0,0,0,0,0,0,0,0,0,0
Marquette U.,58,8,1,5,2,7,6,0,1,4,3,1,8,8,0,0,0,0,0,5,0,1,0,0,2,0,0,1,1
Medical C. Wisconsin,28,27,0,23,4,1,0,0,1,0,0,0,0,0,0,0,0,0,0,0,0,0,0,0,0,0,0,0,0
U. Wisconsin-Madison,844,241,48,145,48,95,45,15,35,55,26,29,92,23,4,27,9,15,14,149,0,16,17,9,28,7,14,26,32
U. Wisconsin-Milwaukee,177,35,2,10,23,18,9,3,6,16,5,11,37,16,0,5,1,2,13,22,0,2,0,4,7,2,2,4,1
Wyoming,101,28,3,25,0,18,7,7,4,5,1,4,18,9,1,8,0,0,0,12,0,0,5,0,2,0,0,3,2
U. Wyoming,101,28,3,25,0,18,7,7,4,5,1,4,18,9,1,8,0,0,0,12,0,0,5,0,2,0,0,3,2